"customer_id","delivery_location","order_date","amount"
1414,"Senta",2016-05-30,151.48
1462,"Kraljevo",2016-07-12,216.16
1178,"Ptuj",2016-09-20,312.49
1525,"Rijeka",2015-12-17,423.49
1194,"Novi Pazar",2015-11-11,218.29
1937,"Beograd",2016-04-24,177.1
2841,"Sombor",2015-02-22,131.57
2141,"Zadar",2016-08-31,43.56
2322,"Vinkovci",2015-12-13,61.1
2252,"Subotica",2015-01-08,297.77
2267,"Sisak",2016-04-13,195.03
2037,"Novi Sad",2015-02-04,98.54
2397,"Celje",2015-01-28,265.26
1664,"Senta",2015-12-04,412.07
1601,"Ljubljana",2016-08-30,359.38
2626,"Prijepolje",2016-09-18,45.5
2791,"Zrenjanin",2015-06-14,103.38
1708,"Kamnik",2015-04-14,20.71
2010,"Celje",2015-01-16,363.44
2114,"Prijepolje",2015-01-30,217.31
1952,"Radovljica",2015-08-25,69.9
1347,"Kragujevac",2015-10-08,123.84
2016,"Rijeka",2015-08-28,153.32
2672,"Senta",2016-06-14,487.11
2378,"Litija",2016-03-12,340.15
1839,"Senta",2015-12-25,96.74
1025,"Litija",2015-08-18,129.71
1518,"Senta",2016-07-22,224.04
2449,"Trbovlje",2015-01-19,116.73
2672,"Piran",2016-04-27,314.85
2789,"Zrenjanin",2016-01-19,245.75
1210,"Novi Pazar",2015-01-14,386.94
1931,"Koprivnica",2015-06-27,261.93
2613,"Beograd",2016-10-13,165.17
1592,"Krusevac",2016-04-04,414.24
1554,"Krsko",2016-09-24,464.89
2894,"Krsko",2016-01-25,209.79
1372,"Vinkovci",2015-08-24,85.82
1843,"Vinkovci",2016-10-03,31.8
2166,"Beltinci",2015-12-29,405.33
1543,"Celje",2015-03-24,135.42
1489,"Kamnik",2015-04-20,335.52
2644,"Beltinci",2016-04-04,139.45
2798,"Kranj",2016-02-06,77.42
1904,"Vrsac",2016-03-13,96.04
1936,"Novi Pazar",2015-01-29,243.69
2865,"Domzale",2015-12-07,316.86
2046,"Senta",2015-07-30,463.29
1922,"Zadar",2016-08-15,496.97
1955,"Karlovac",2016-05-18,136.33
1308,"Krsko",2016-10-12,395.36
2158,"Kranj",2015-02-01,134.79
2844,"Izola",2016-09-07,224.85
2946,"Cacak",2016-08-13,429.98
2247,"Nis",2015-03-20,349.45
1165,"Sibenik",2016-04-15,174.83
1216,"Beltinci",2016-08-06,463.47
2313,"Pozarevac",2016-10-27,223.94
1580,"Senta",2015-04-23,195.49
1071,"Osijek",2016-11-27,405.09
1587,"Rijeka",2015-08-19,375.94
2598,"Lendava",2016-03-13,288.4
1140,"Apatin",2016-02-26,359.32
1721,"Kranj",2016-10-21,165.98
2888,"Kranj",2015-12-08,231.09
1858,"Domzale",2015-06-23,466.87
1152,"Rijeka",2016-04-06,266.05
1293,"Rijeka",2016-01-25,171.81
1276,"Kragujevac",2015-07-14,373.95
2486,"Maribor",2015-01-02,397.9
1040,"Beltinci",2016-11-01,249.87
1430,"Radovljica",2016-05-21,370.54
1089,"Kraljevo",2015-01-25,189.89
1315,"Rijeka",2016-01-09,173.69
2246,"Lendava",2015-09-08,145.37
1527,"Senta",2016-03-09,497.43
2139,"Sisak",2015-04-03,311.09
2629,"Osijek",2016-10-02,201.95
1773,"Dubrovnik",2016-08-23,244.25
1746,"Maribor",2016-09-07,30.99
1455,"Domzale",2016-07-27,183.97
1597,"Pancevo",2016-06-01,220.3
2877,"Pozarevac",2016-07-21,289.34
2062,"Apatin",2015-01-20,317.77
2182,"Domzale",2015-12-14,117.67
1751,"Koprivnica",2016-05-15,424.52
2232,"Zadar",2016-07-15,113.47
1373,"Jagodina",2016-12-14,382.9
2841,"Izola",2015-01-05,458.45
1033,"Subotica",2016-08-11,150.7
1515,"Krsko",2015-09-22,102.64
1012,"Valjevo",2016-11-16,491.73
1068,"Izola",2016-08-27,315.72
2918,"Novo Mesto",2016-08-10,477.38
1754,"Murska Sobota",2016-09-27,91.55
1408,"Knin",2015-04-04,156.17
2331,"Zadar",2015-11-26,210.32
2301,"Karlovac",2015-04-15,34.43
2112,"Zadar",2016-06-05,329.41
1927,"Knin",2015-11-14,119.23
2005,"Rijeka",2016-12-29,86.62
1536,"Ptuj",2015-09-11,363.29
1982,"Slavonski Brod",2015-07-21,364.8
1290,"Koprivnica",2015-12-12,139.26
2447,"Prijepolje",2016-02-05,297.45
2903,"Jagodina",2015-11-13,395.19
2309,"Jagodina",2015-02-18,194.13
2931,"Vrsac",2015-12-27,86.87
1670,"Knin",2015-02-01,302.51
1120,"Prijepolje",2016-09-28,62.11
2133,"Zadar",2016-07-03,269.66
2181,"Krsko",2016-11-05,368.68
2087,"Novo Mesto",2015-09-13,108.27
2506,"Zrenjanin",2015-06-16,274.89
2933,"Zadar",2015-05-12,49.79
2500,"Novi Pazar",2015-06-22,190
1479,"Murska Sobota",2015-05-07,275.71
2734,"Karlovac",2015-08-13,228.67
1066,"Vinkovci",2015-06-17,87.18
2686,"Izola",2016-07-24,180.97
2013,"Senta",2016-11-16,248.12
2913,"Petrinja",2016-07-02,23.33
2870,"Karlovac",2015-08-15,34.34
2108,"Kranj",2015-11-23,49.8
1164,"Izola",2016-01-20,96.45
2671,"Slavonski Brod",2015-08-10,384.18
2074,"Sisak",2016-05-21,307.54
2097,"Vinkovci",2016-09-07,371.67
2201,"Kraljevo",2016-03-07,427.51
2385,"Kranj",2016-01-21,498.43
1235,"Maribor",2015-12-08,287.93
1609,"Ljubljana",2016-08-11,43.32
1329,"Nova Gorica",2016-07-23,88.4
1725,"Ljubljana",2016-12-20,180.83
1126,"Senta",2015-04-19,176.08
2995,"Sibenik",2015-02-08,247.47
1211,"Trebnje",2016-08-27,432.84
1685,"Slavonski Brod",2015-12-25,359.67
2808,"Kragujevac",2015-09-27,352.02
2981,"Varazdin",2015-07-02,81.35
1813,"Trebnje",2015-11-12,394.34
2333,"Maribor",2015-08-13,297.3
1930,"Cacak",2015-11-29,421.87
2767,"Litija",2016-09-15,114.71
1877,"Split",2016-07-10,327.07
1242,"Rijeka",2016-03-26,255.49
2885,"Dubrovnik",2016-10-25,434.52
1846,"Zalec",2016-05-23,37.55
2815,"Prijepolje",2015-01-17,90.96
2136,"Lendava",2016-02-07,99.58
1982,"Valjevo",2016-10-26,312.71
1618,"Zrenjanin",2015-10-03,119.18
2926,"Ptuj",2015-02-21,189.89
1476,"Pozarevac",2016-09-23,330.93
2998,"Senta",2015-11-30,294.17
1150,"Zadar",2016-10-12,439.91
1665,"Vinkovci",2016-10-05,454.67
2637,"Sibenik",2016-03-19,101.57
1766,"Osijek",2015-12-04,349.47
1159,"Varazdin",2015-09-01,99.31
2414,"Jagodina",2016-01-10,139.59
1154,"Ljubljana",2015-02-15,244.24
1425,"Maribor",2016-09-12,187.92
2028,"Senta",2015-02-05,186.01
1325,"Zalec",2015-08-19,93.65
2807,"Krsko",2016-05-18,263.03
2303,"Split",2015-03-08,237.47
2823,"Celje",2016-04-22,145.46
1788,"Litija",2016-09-22,161.25
2590,"Maribor",2016-08-21,161.58
2866,"Litija",2015-12-20,394.99
2955,"Vinkovci",2016-03-23,159.22
2261,"Sombor",2016-04-09,162.44
2787,"Pozarevac",2016-08-05,223.64
2362,"Izola",2015-01-28,383.01
1984,"Kranj",2015-06-30,261.38
1038,"Trebnje",2015-06-11,384.59
1821,"Valjevo",2016-11-23,373.26
1985,"Trebnje",2016-03-29,172.51
1136,"Koprivnica",2016-08-10,294.25
1454,"Pula",2015-09-26,462.34
2761,"Rijeka",2016-10-13,337
2583,"Vrsac",2015-11-17,260.26
1588,"Krusevac",2015-05-04,94.03
2106,"Valjevo",2016-07-05,135.9
2719,"Kragujevac",2016-02-28,242.15
2902,"Sibenik",2016-09-03,269.53
1038,"Senta",2015-12-11,284.32
1195,"Vinkovci",2016-08-02,88.82
2792,"Sibenik",2016-04-25,65.67
1679,"Zalec",2015-06-24,373.81
2309,"Jagodina",2016-11-18,120.39
2629,"Krsko",2015-11-03,100.82
1499,"Koprivnica",2015-10-28,162.23
1984,"Krusevac",2016-10-23,451.98
2807,"Radovljica",2016-03-28,260.09
1343,"Cacak",2016-07-28,19.32
2333,"Sibenik",2015-11-14,16.01
1458,"Ljubljana",2016-06-06,75.16
1943,"Novi Sad",2015-08-22,455.35
2043,"Kraljevo",2016-08-23,190.1
1871,"Senta",2016-05-17,316.71
1194,"Osijek",2016-12-20,128.46
2884,"Zadar",2016-03-03,365.99
2187,"Sisak",2015-03-31,456.39
2075,"Litija",2015-02-16,345.34
1875,"Lendava",2016-09-25,243.2
1533,"Vranje",2016-06-30,296.71
1176,"Kamnik",2015-08-03,322.93
1553,"Koper",2016-07-21,12.75
1826,"Koper",2015-04-10,382.56
1083,"Vinkovci",2015-03-02,264.06
2546,"Zadar",2015-10-22,284.77
1632,"Maribor",2016-03-22,245.05
2974,"Subotica",2015-09-30,417.55
2415,"Novi Sad",2016-04-25,27.2
2325,"Rijeka",2016-02-24,338.27
1596,"Beltinci",2016-04-09,394.55
2900,"Vrsac",2015-05-26,381.16
1705,"Split",2016-01-16,44.32
1618,"Koper",2015-10-03,43.63
2612,"Ljubljana",2015-07-20,188.41
2453,"Cacak",2016-05-28,73.71
1709,"Zadar",2015-03-31,37.22
2784,"Zadar",2016-05-29,16.37
1711,"Kranj",2015-03-10,159.54
2451,"Zagreb",2015-05-30,206.01
1671,"Maribor",2015-07-07,424.98
2273,"Jagodina",2015-05-09,462.71
2827,"Vranje",2016-03-29,247.09
2452,"Rijeka",2016-01-28,90.33
2020,"Sisak",2015-04-20,192.62
1397,"Cacak",2015-05-29,315.59
2012,"Novi Sad",2016-09-13,453.62
1527,"Bjelovar",2016-08-20,338.49
1380,"Kragujevac",2016-05-02,460.45
2568,"Beltinci",2015-01-25,301.19
1039,"Beltinci",2016-06-06,193.97
2959,"Ptuj",2016-09-19,200.18
1521,"Vrsac",2015-08-07,122.1
1472,"Celje",2015-01-09,141.44
1199,"Zadar",2015-01-10,346.69
2148,"Zalec",2016-03-11,138.45
1264,"Izola",2015-03-23,344.36
1774,"Karlovac",2015-12-21,258.41
2926,"Zrenjanin",2016-08-18,442.69
1185,"Zalec",2016-12-15,452.54
2596,"Zadar",2016-06-22,76.43
2275,"Koper",2015-08-15,114.73
1457,"Kamnik",2015-12-03,252.65
2175,"Dubrovnik",2016-02-07,231.11
1830,"Karlovac",2015-03-28,342.3
2077,"Novi Sad",2016-06-30,274.37
1918,"Krusevac",2016-10-30,109.96
2561,"Beltinci",2016-08-26,394.97
1234,"Novi Sad",2016-01-18,57.48
2312,"Lendava",2015-11-07,210.18
1184,"Jagodina",2016-11-12,24.26
2788,"Koprivnica",2015-06-29,371.7
1412,"Maribor",2016-11-26,245.92
1626,"Subotica",2015-11-29,42.94
1521,"Zagreb",2016-09-16,247.24
2332,"Celje",2015-03-23,384.23
2077,"Maribor",2016-02-08,169.95
1204,"Kranj",2016-10-27,273.81
2898,"Novi Sad",2015-04-08,240.12
1778,"Koper",2015-04-09,76.94
2560,"Pozarevac",2015-06-15,40.46
1563,"Trebnje",2015-09-19,14.85
1793,"Dubrovnik",2015-04-24,394.62
2414,"Nis",2016-04-01,185.14
1408,"Sombor",2016-09-04,287.56
2750,"Rogaska Slatina",2016-06-09,376.62
2369,"Karlovac",2016-05-26,143.74
1159,"Trbovlje",2015-10-01,316.33
1467,"Nova Gorica",2016-05-12,175.93
2532,"Valjevo",2016-01-22,185.35
1919,"Osijek",2016-04-13,395.48
2080,"Radovljica",2015-07-15,264.78
1456,"Prijepolje",2015-04-05,183.52
1616,"Zrenjanin",2016-12-04,285.37
1356,"Sisak",2015-05-24,491.5
1278,"Domzale",2015-10-27,120.69
1269,"Litija",2016-02-10,424.5
1877,"Piran",2016-02-19,265.66
1645,"Litija",2015-03-24,121.96
1346,"Cacak",2015-09-13,276.9
2152,"Vinkovci",2015-06-20,79.31
1217,"Karlovac",2015-04-23,125.1
1617,"Senta",2016-01-19,373
2904,"Zagreb",2015-10-26,293.49
1697,"Osijek",2016-04-09,254.57
1336,"Knin",2015-05-03,314.75
1796,"Vinkovci",2015-09-03,377.18
1025,"Koper",2016-08-29,353.33
1538,"Apatin",2015-10-18,90.93
1980,"Celje",2015-04-16,383.12
2542,"Zalec",2015-04-18,273.11
1955,"Radovljica",2015-06-02,333.01
2780,"Kranj",2016-08-12,242.41
2689,"Zalec",2016-10-16,313.04
2576,"Nis",2016-01-05,419.75
1723,"Prijepolje",2016-10-01,236.37
2413,"Kamnik",2016-03-15,303.74
2521,"Jagodina",2015-10-26,339.87
2245,"Kragujevac",2015-12-30,188.99
1670,"Domzale",2015-09-18,60.07
1860,"Varazdin",2016-12-13,195.34
1656,"Novo Mesto",2016-02-17,374.33
1959,"Ptuj",2016-01-22,292.29
2444,"Sibenik",2016-07-08,155.21
2080,"Pula",2016-04-20,140.19
1659,"Radovljica",2016-01-04,495.24
1162,"Kragujevac",2016-10-13,300.34
1237,"Zadar",2015-01-14,144.98
2696,"Sisak",2016-04-02,49.66
1577,"Vranje",2015-11-21,10.95
2539,"Sibenik",2016-08-22,175.38
1329,"Nova Gorica",2016-08-16,458.34
2248,"Pula",2016-06-03,412.88
2412,"Knin",2015-10-15,144.6
1116,"Novi Sad",2016-01-10,241.87
2560,"Kraljevo",2016-12-01,364.46
1647,"Vinkovci",2016-07-05,444.73
2078,"Slavonski Brod",2016-01-03,298.76
2240,"Zadar",2015-07-12,258.27
1596,"Zadar",2016-07-09,433.13
1556,"Domzale",2015-06-19,420.74
2681,"Petrinja",2015-05-24,99.76
2705,"Split",2015-08-12,316.72
1414,"Ljubljana",2016-03-22,67.43
2157,"Novi Sad",2015-03-18,150.4
2734,"Celje",2016-12-23,429.71
1956,"Novi Pazar",2015-11-03,404.78
1872,"Ljubljana",2016-02-16,92.76
1687,"Karlovac",2016-12-30,412.5
2936,"Karlovac",2015-08-02,40.65
1756,"Zagreb",2016-09-01,90.84
2964,"Subotica",2015-06-22,393.04
1987,"Ptuj",2015-09-25,302.18
1446,"Cacak",2015-10-28,242.25
2844,"Lendava",2015-08-24,466.75
2127,"Ivanjica",2016-02-14,494.43
1820,"Zadar",2016-02-28,287.46
1830,"Novi Sad",2015-10-28,320.87
1710,"Zrenjanin",2015-12-11,379.15
2491,"Koper",2016-02-17,187.38
2233,"Varazdin",2016-04-10,456.9
1348,"Pozarevac",2016-05-29,139.98
2424,"Koper",2015-04-29,293.75
2760,"Apatin",2015-11-24,477.44
2281,"Vranje",2016-09-11,31.57
1176,"Radovljica",2016-01-11,64.98
1385,"Senta",2016-10-05,218.2
2164,"Trebnje",2016-03-13,368.37
1023,"Rijeka",2015-08-20,399.56
1944,"Rijeka",2015-02-28,359.29
2022,"Kragujevac",2016-08-30,86.26
2986,"Koper",2016-12-07,148.86
2489,"Sombor",2016-09-21,193.53
2153,"Celje",2016-04-01,469.47
1164,"Krsko",2015-01-03,170.85
2726,"Celje",2016-03-09,121.39
2611,"Rijeka",2016-09-27,14.76
2400,"Zadar",2015-11-22,251.19
2804,"Prijepolje",2015-03-22,397.21
1169,"Bjelovar",2015-04-22,328.92
2468,"Bjelovar",2016-12-06,89.11
1709,"Novo Mesto",2015-11-27,495.06
2897,"Maribor",2015-02-18,53.49
2257,"Murska Sobota",2016-09-15,368.08
1421,"Valjevo",2016-05-23,125.8
1507,"Zadar",2015-08-15,479.58
2903,"Subotica",2015-06-24,155.71
1063,"Zrenjanin",2015-04-08,124.24
1079,"Zagreb",2016-06-29,310.08
2506,"Pula",2016-11-29,29.82
1547,"Novo Mesto",2015-10-11,38.89
1986,"Rogaska Slatina",2015-07-03,408.42
1474,"Dubrovnik",2015-05-17,74.48
1290,"Zalec",2016-01-01,35.34
1764,"Ivanjica",2015-07-04,153.39
2366,"Vranje",2015-08-17,53.98
2346,"Senta",2015-11-22,262.61
1478,"Trebnje",2016-10-05,367.37
2583,"Kranj",2015-12-01,428.19
2473,"Varazdin",2015-11-03,244.1
2134,"Sibenik",2015-04-05,156.42
1790,"Koper",2016-10-11,402.74
2986,"Sibenik",2015-03-24,314.83
1904,"Sisak",2015-11-24,462.81
2340,"Valjevo",2016-07-12,437.04
1806,"Pancevo",2016-05-29,411.46
2245,"Litija",2016-10-05,11.4
2310,"Kranj",2016-11-21,327.96
2757,"Nis",2016-10-14,210.78
2608,"Murska Sobota",2016-02-27,357.67
1291,"Pozarevac",2015-01-13,397.46
2249,"Radovljica",2016-01-14,283.21
2813,"Lendava",2015-05-15,218.97
2913,"Petrinja",2016-05-25,478.55
2707,"Trebnje",2016-11-18,388.89
1296,"Trebnje",2015-03-11,265.24
1859,"Subotica",2016-12-12,218.39
1604,"Beltinci",2015-06-30,397.2
1636,"Maribor",2016-03-19,403.93
2834,"Subotica",2016-07-06,95.05
2062,"Senta",2015-02-19,286.48
2260,"Petrinja",2016-12-18,262.67
1164,"Ivanjica",2015-02-16,186.6
1618,"Ljubljana",2016-04-04,21.21
2056,"Sibenik",2015-11-19,273.57
1082,"Ptuj",2016-11-03,282.03
2419,"Subotica",2016-08-25,170.53
1865,"Koprivnica",2016-11-01,43.49
1276,"Maribor",2016-05-03,460.03
2232,"Novo Mesto",2016-09-03,229.1
2022,"Kranj",2016-11-11,447.23
1075,"Zrenjanin",2015-07-12,208.51
2117,"Varazdin",2016-11-19,345.03
2826,"Varazdin",2015-07-20,418.89
2053,"Kragujevac",2015-07-06,182.87
2240,"Prijepolje",2015-02-04,137.58
1945,"Osijek",2016-02-27,151
2198,"Zagreb",2016-04-16,134.11
1373,"Radovljica",2015-06-21,103.14
1322,"Osijek",2015-12-22,21.88
1114,"Trebnje",2015-12-02,141.49
2400,"Ivanjica",2015-04-24,368.92
1849,"Vranje",2015-02-07,206.8
1607,"Karlovac",2015-09-30,432.31
2488,"Novi Sad",2015-07-08,326.95
2381,"Kraljevo",2015-01-22,211.18
1681,"Jagodina",2016-11-21,490.88
2447,"Vrsac",2015-02-26,465.99
1937,"Nis",2015-12-31,390.19
2119,"Zadar",2016-07-29,177.09
2561,"Prijepolje",2016-01-22,136.45
1396,"Pozarevac",2015-10-20,87.47
2427,"Trbovlje",2015-10-18,436.77
2765,"Prijepolje",2016-06-07,299.4
2171,"Celje",2015-04-25,51.9
1988,"Litija",2016-04-09,379.33
2885,"Senta",2015-06-09,86.33
2960,"Bjelovar",2015-10-19,43.15
1391,"Rijeka",2016-06-17,68.98
2958,"Zadar",2015-05-29,34.97
2737,"Maribor",2016-06-05,250.66
1592,"Subotica",2016-12-11,264.07
2470,"Radovljica",2016-09-01,26.32
2361,"Senta",2016-08-11,345.43
1743,"Rijeka",2015-02-25,462.3
1242,"Vranje",2015-01-01,14.67
1105,"Subotica",2016-07-07,386.19
2910,"Zalec",2016-06-16,31.55
1010,"Zadar",2015-02-13,432.95
1624,"Sisak",2015-05-21,314.23
2387,"Novo Mesto",2016-07-27,247.9
1385,"Lendava",2016-01-01,408.33
1402,"Izola",2016-08-13,428.6
1460,"Kragujevac",2015-09-06,182.3
1140,"Varazdin",2016-04-10,318.4
1030,"Osijek",2015-12-27,443.66
2949,"Osijek",2016-08-22,424.18
2138,"Bjelovar",2015-01-16,142.14
2813,"Senta",2015-12-12,130.26
1093,"Dubrovnik",2016-12-30,222.56
2737,"Zrenjanin",2016-12-24,138.74
1015,"Pozarevac",2016-03-19,456.61
2732,"Beltinci",2016-02-01,348.16
2443,"Celje",2015-02-24,239.07
1177,"Kranj",2016-04-01,77.12
2440,"Kranj",2016-09-08,260.06
2487,"Celje",2015-08-14,486.76
2435,"Zrenjanin",2016-07-03,100.21
1176,"Kranj",2015-06-21,300.54
1523,"Trebnje",2015-12-23,268.09
2460,"Osijek",2015-09-09,380.01
1923,"Cacak",2015-03-13,137.25
2601,"Vinkovci",2016-08-22,312.6
2585,"Zalec",2015-01-20,27.63
1203,"Krsko",2016-05-11,479.95
2198,"Trbovlje",2016-06-04,91.29
2970,"Prijepolje",2015-11-17,161.36
1372,"Murska Sobota",2016-04-26,208.79
1645,"Radovljica",2016-03-25,230.32
2487,"Kraljevo",2016-03-11,286.84
1383,"Radovljica",2016-04-22,281.25
2145,"Murska Sobota",2015-05-29,430.05
2422,"Pancevo",2015-07-19,219.07
2426,"Rogaska Slatina",2016-10-09,262.53
1314,"Zalec",2016-04-26,269.66
1258,"Rijeka",2016-04-24,230.16
1493,"Koper",2016-08-05,169.99
2888,"Pula",2015-02-16,434.18
2783,"Senta",2015-07-27,406.94
2312,"Piran",2016-12-15,496.15
2071,"Pozarevac",2015-07-12,222.11
2354,"Vrsac",2015-07-12,238.32
2123,"Pozarevac",2016-12-17,244.93
2015,"Sibenik",2015-04-26,441.49
2131,"Varazdin",2016-10-02,262.51
2324,"Kranj",2015-09-18,346.42
1009,"Kragujevac",2015-08-31,96.68
1169,"Zadar",2015-07-31,240.15
2303,"Ptuj",2016-10-02,346.28
2371,"Zrenjanin",2016-10-05,23.41
1401,"Novi Sad",2015-10-05,182.85
2232,"Split",2016-03-27,91.65
2491,"Maribor",2016-02-10,297.43
2850,"Beograd",2015-01-25,151.54
2672,"Ljubljana",2016-02-24,273.4
2332,"Zalec",2016-09-21,75.39
2418,"Kranj",2015-01-10,324.97
1107,"Rijeka",2016-03-15,70.16
1007,"Rijeka",2016-10-02,333.7
1625,"Krsko",2016-04-18,176.52
1260,"Zrenjanin",2015-10-04,312.43
1540,"Zrenjanin",2016-09-03,416.42
2329,"Senta",2016-12-02,401.61
1325,"Rijeka",2016-06-21,97.58
2097,"Litija",2016-08-14,139.97
1281,"Knin",2016-11-30,278.05
2608,"Pozarevac",2015-02-23,174.38
2290,"Cacak",2016-12-02,215.59
2910,"Trbovlje",2015-05-10,333.72
2285,"Zadar",2015-08-12,395.21
2759,"Izola",2016-04-06,95.63
1203,"Varazdin",2015-08-13,262.51
2746,"Litija",2015-11-24,440.97
2242,"Nis",2016-08-29,222.28
1695,"Sombor",2016-04-28,214.37
2375,"Beograd",2016-07-16,146.98
1666,"Karlovac",2015-08-23,239.49
1989,"Piran",2015-08-25,408.75
2142,"Nis",2015-10-12,102.04
1451,"Zagreb",2015-05-26,437.63
1855,"Pancevo",2016-08-31,428.02
2947,"Jagodina",2016-06-19,258.8
2602,"Krusevac",2015-08-26,329.55
1621,"Valjevo",2016-05-11,499.74
2959,"Ljubljana",2015-01-05,323.89
1645,"Vinkovci",2016-04-26,254.41
2059,"Osijek",2016-07-27,164.31
2078,"Knin",2015-01-22,499.15
2513,"Vinkovci",2015-06-01,123.74
2263,"Kranj",2016-10-26,228.91
1890,"Sisak",2015-08-20,139.82
2655,"Pozarevac",2015-12-24,38.48
2885,"Pula",2015-05-31,478.37
2327,"Zadar",2016-07-11,47.79
2033,"Pancevo",2015-01-17,238.38
1664,"Maribor",2016-03-01,103.96
2445,"Zrenjanin",2015-06-18,490.78
2635,"Nova Gorica",2016-01-18,465.87
2128,"Senta",2015-07-19,264.47
1792,"Beltinci",2016-07-07,478.32
2411,"Kranj",2016-08-17,356.16
1462,"Koprivnica",2015-06-28,330.72
2203,"Pula",2015-07-17,118.53
1277,"Piran",2015-06-11,314.36
2396,"Sisak",2016-09-06,440.02
1240,"Jagodina",2015-05-09,154.87
1023,"Koper",2015-08-08,184.84
1678,"Kamnik",2016-01-17,132.16
2582,"Bjelovar",2016-12-14,350.54
2979,"Vinkovci",2015-08-28,125.84
2726,"Krusevac",2016-07-05,58.1
1036,"Maribor",2016-09-28,104.08
1685,"Beltinci",2015-08-18,371.84
1565,"Ivanjica",2015-01-10,154.37
2326,"Split",2015-09-13,337.43
2742,"Kraljevo",2016-07-08,140.7
2935,"Vranje",2015-02-01,15.56
1018,"Celje",2016-04-07,353.7
2735,"Kranj",2016-03-19,112.16
2694,"Rijeka",2016-05-12,392
1377,"Rijeka",2015-03-18,84.65
1548,"Petrinja",2015-10-02,473.32
2638,"Rogaska Slatina",2016-12-06,410.37
2267,"Izola",2015-12-09,13.51
1047,"Ljubljana",2015-02-23,359.55
2211,"Zadar",2015-06-30,347.97
2981,"Krsko",2015-09-30,112.58
1463,"Prijepolje",2016-04-01,193.78
1392,"Kraljevo",2016-10-05,213.84
2162,"Beltinci",2015-07-07,203.53
2322,"Novi Sad",2016-08-16,393.43
2394,"Trbovlje",2016-02-17,34.66
1669,"Zadar",2015-05-22,36.63
2212,"Sibenik",2015-11-28,248.57
2993,"Pancevo",2016-02-06,260.85
1310,"Petrinja",2015-11-02,117.25
1188,"Vranje",2015-09-14,309.36
2441,"Trebnje",2016-09-22,323.1
2592,"Varazdin",2015-02-16,336.08
2405,"Beograd",2016-09-08,75.12
1037,"Sibenik",2016-07-04,79.87
2107,"Sibenik",2015-03-04,499.86
1318,"Zrenjanin",2016-09-30,134.6
1685,"Zadar",2016-07-16,116.37
1845,"Kamnik",2016-07-13,338.81
2861,"Trbovlje",2015-10-16,200.56
2425,"Cacak",2015-03-23,289.77
2665,"Kragujevac",2016-01-14,63.69
1119,"Trbovlje",2016-05-13,399.86
1711,"Bjelovar",2016-09-04,192.54
2354,"Zrenjanin",2016-09-22,419.03
2556,"Kranj",2016-09-22,491.96
1440,"Vrsac",2015-05-29,283.08
2222,"Zadar",2016-12-25,181.21
2522,"Maribor",2015-05-04,482.11
1598,"Krsko",2015-03-01,367.28
1071,"Osijek",2016-01-27,284.89
2338,"Sibenik",2015-02-15,95.1
1713,"Pancevo",2016-04-29,324.49
1676,"Zadar",2015-07-04,469.63
1080,"Osijek",2016-08-12,336.75
2078,"Osijek",2015-02-28,343.31
1133,"Celje",2015-11-10,72.31
1423,"Beltinci",2016-01-02,126.03
1755,"Senta",2016-10-21,282.36
1005,"Petrinja",2015-03-31,299.65
2151,"Zrenjanin",2016-06-13,193.4
1878,"Vrsac",2015-08-31,181.22
1667,"Rogaska Slatina",2015-10-27,293.75
2823,"Sibenik",2016-01-20,350.32
1048,"Karlovac",2016-04-05,251.89
2762,"Senta",2015-11-15,112.48
2499,"Petrinja",2016-04-27,177.46
2262,"Rijeka",2016-07-30,342.41
2363,"Sibenik",2016-02-06,69.17
1192,"Valjevo",2016-05-10,472.22
1708,"Maribor",2015-03-06,91.43
1458,"Slavonski Brod",2015-09-17,449.36
1302,"Nis",2015-09-24,18.28
2171,"Split",2016-01-19,313.71
1897,"Nis",2016-05-25,308.65
1189,"Bjelovar",2015-02-03,319.04
2647,"Pancevo",2016-11-18,224.58
1190,"Jagodina",2016-06-26,335.02
1445,"Pozarevac",2015-06-21,372.26
1118,"Kragujevac",2015-11-15,409.6
2650,"Novo Mesto",2016-08-04,308.71
2545,"Rijeka",2016-12-08,328.61
2650,"Apatin",2016-08-14,134.31
2082,"Piran",2015-10-04,366.61
1816,"Koper",2015-02-24,147.19
2926,"Litija",2016-07-27,371.72
1060,"Celje",2016-07-20,57.4
2445,"Pozarevac",2016-01-16,299.15
2131,"Kragujevac",2015-06-03,117.67
2315,"Rogaska Slatina",2016-03-17,384.54
2396,"Subotica",2015-09-28,496.46
2558,"Dubrovnik",2015-05-22,266.3
1114,"Vinkovci",2016-04-08,377.15
1929,"Trbovlje",2016-05-22,423.59
2623,"Knin",2016-03-17,62.92
2667,"Vinkovci",2015-01-29,173.77
1949,"Pozarevac",2015-07-29,16.6
2436,"Jagodina",2015-03-18,292.64
1697,"Maribor",2016-06-11,142.5
1982,"Vrsac",2016-01-02,261.35
2786,"Trebnje",2016-04-13,346.5
2226,"Kragujevac",2016-11-18,79.27
1757,"Vinkovci",2016-11-08,309.95
1992,"Trebnje",2016-10-15,443.5
2269,"Koper",2016-03-17,140.82
2463,"Kranj",2016-02-18,70.04
1946,"Rijeka",2016-08-30,131.22
1689,"Kraljevo",2015-03-04,453
1250,"Lendava",2016-02-12,309.11
1559,"Zalec",2015-12-30,79.9
1642,"Kamnik",2015-05-10,356.35
1544,"Varazdin",2016-07-14,89.88
1989,"Petrinja",2015-04-02,499.12
1161,"Rogaska Slatina",2015-06-27,404.62
2345,"Zrenjanin",2016-12-23,216.32
1575,"Karlovac",2016-09-21,239.04
1167,"Kraljevo",2015-09-27,201.06
2465,"Pancevo",2016-06-29,25.93
1787,"Split",2016-11-12,333.58
1077,"Litija",2016-10-27,467.48
1664,"Bjelovar",2015-09-22,136.45
2516,"Ljubljana",2015-01-30,13.14
2222,"Apatin",2015-08-07,412.84
2447,"Novi Sad",2016-02-04,129.71
1444,"Ptuj",2016-01-20,58.2
1994,"Zadar",2015-11-12,41.46
1094,"Nova Gorica",2015-03-18,282.26
2941,"Varazdin",2015-07-12,149.66
2487,"Zagreb",2016-01-31,22.93
1378,"Zrenjanin",2015-03-04,272.31
2365,"Sisak",2016-04-09,360.13
1220,"Vranje",2015-01-24,190.99
1695,"Celje",2016-09-23,211.57
2184,"Maribor",2016-09-03,147.86
1619,"Lendava",2016-03-10,469.58
1447,"Novi Pazar",2016-07-23,223.12
1241,"Lendava",2016-02-27,79.92
2716,"Kragujevac",2016-03-30,306.99
1926,"Rijeka",2016-06-03,65.58
1813,"Karlovac",2015-01-18,106.07
2991,"Knin",2015-11-11,454.98
2559,"Sombor",2016-05-25,19.31
2851,"Krusevac",2016-09-20,278.48
1925,"Vranje",2015-03-11,96.86
1406,"Nova Gorica",2016-12-30,29.33
1228,"Nis",2016-07-30,23.93
2247,"Zalec",2016-10-14,381.98
1784,"Litija",2015-09-19,371.32
2497,"Novi Pazar",2015-09-23,109.78
1698,"Nova Gorica",2016-11-06,484.94
2464,"Zadar",2015-11-05,331.62
2194,"Domzale",2016-07-01,71.74
2046,"Jagodina",2016-11-30,427.9
1217,"Koprivnica",2016-10-28,102.1
2507,"Domzale",2016-06-19,249.66
2324,"Krusevac",2015-03-31,103.41
1647,"Trebnje",2016-10-02,365.64
1078,"Rijeka",2016-05-31,394.54
2534,"Zrenjanin",2015-07-04,473.59
2530,"Zrenjanin",2016-07-24,261.13
2187,"Nis",2015-04-08,147.54
1236,"Varazdin",2016-01-25,346.9
1578,"Cacak",2015-01-20,102.35
2830,"Sisak",2015-03-22,392.1
1928,"Domzale",2015-12-04,368.2
1421,"Kragujevac",2015-07-03,302.96
1492,"Zrenjanin",2016-09-18,290.35
1729,"Varazdin",2015-01-13,339.7
2819,"Pozarevac",2016-07-22,297.37
1208,"Pancevo",2016-05-08,70.03
1598,"Varazdin",2016-11-06,336.5
2716,"Rijeka",2016-06-18,242.93
2381,"Izola",2016-03-25,296.3
2673,"Domzale",2016-12-30,141.77
1876,"Domzale",2015-04-17,354.02
1357,"Piran",2015-09-25,57.03
2064,"Sombor",2015-03-11,63.87
1903,"Varazdin",2015-07-12,69.39
2152,"Trebnje",2016-04-29,337.52
1847,"Split",2015-08-26,414.63
1885,"Senta",2015-02-09,488.11
1449,"Karlovac",2016-02-10,57.39
2255,"Bjelovar",2015-08-29,253.36
2357,"Zadar",2016-11-19,178.06
1395,"Koper",2015-04-11,175.67
2753,"Murska Sobota",2016-11-06,420.17
2863,"Apatin",2016-10-16,354.55
1638,"Pula",2016-02-25,318.22
1040,"Nova Gorica",2016-01-17,451.4
2287,"Vinkovci",2016-11-06,374.03
2720,"Slavonski Brod",2016-02-07,246.67
1200,"Koprivnica",2016-05-08,318.61
1051,"Maribor",2016-11-21,354.19
2248,"Celje",2016-03-14,226
1066,"Osijek",2015-02-19,168.96
1679,"Jagodina",2016-01-09,16.82
2793,"Sombor",2016-04-08,135.41
1576,"Dubrovnik",2016-03-09,142.94
1456,"Vinkovci",2015-04-15,165.76
2014,"Celje",2015-12-15,51.19
2926,"Karlovac",2015-03-20,455.2
2996,"Apatin",2016-10-12,182.82
2564,"Senta",2016-10-24,470.03
2043,"Osijek",2015-07-04,490.21
2229,"Dubrovnik",2016-01-16,73.15
1123,"Zadar",2015-12-02,281.93
1591,"Vinkovci",2015-02-24,291.16
2798,"Murska Sobota",2015-11-06,125.65
1739,"Trbovlje",2016-12-15,338.79
1044,"Cacak",2016-06-08,408.33
2355,"Kragujevac",2015-01-20,48.33
2304,"Zrenjanin",2016-10-20,347.33
1090,"Valjevo",2015-08-04,303.64
1652,"Senta",2016-09-07,239.31
2161,"Sibenik",2015-09-10,175
1605,"Novi Pazar",2015-10-16,210.88
1126,"Sibenik",2015-12-19,27.59
2448,"Vinkovci",2016-11-11,226.66
2803,"Slavonski Brod",2015-09-30,385.02
2031,"Piran",2016-10-11,241.05
1838,"Valjevo",2015-03-29,156.67
2294,"Domzale",2016-11-08,368.79
1594,"Zadar",2016-11-16,42.68
2968,"Trbovlje",2016-02-13,279.89
1746,"Rijeka",2016-07-20,491.82
2190,"Zrenjanin",2015-05-04,139.95
1498,"Pancevo",2016-11-10,396.58
2278,"Krusevac",2016-10-19,401
1598,"Knin",2015-12-02,440.78
2657,"Kragujevac",2015-08-11,128.81
1930,"Sombor",2016-10-10,284.17
1901,"Apatin",2015-05-14,453.34
1070,"Trbovlje",2016-08-14,14.02
2795,"Kranj",2016-05-18,90.11
2993,"Senta",2015-04-29,137.32
1080,"Kranj",2015-10-24,388.66
2967,"Domzale",2016-07-21,44.83
1775,"Split",2015-06-21,448.93
2460,"Trebnje",2015-05-19,164.33
2602,"Zalec",2015-01-02,445.7
1875,"Kraljevo",2016-11-07,308.29
1895,"Novi Pazar",2015-06-05,233.12
2460,"Piran",2015-09-22,353.77
2773,"Jagodina",2015-07-18,380.24
1996,"Litija",2016-02-16,268.63
1269,"Rijeka",2015-02-19,17.97
2435,"Maribor",2016-12-13,47.59
2669,"Kamnik",2015-01-13,339.07
1136,"Sibenik",2015-11-17,362.21
1672,"Sibenik",2016-07-16,233.68
1627,"Celje",2015-02-27,119.49
2069,"Kragujevac",2016-01-26,365.59
1063,"Sombor",2016-09-29,18.61
1530,"Novo Mesto",2015-05-05,276.22
1228,"Zrenjanin",2016-03-27,49.85
2633,"Prijepolje",2016-03-26,452.13
2152,"Ivanjica",2016-07-21,394.91
2243,"Krsko",2016-06-20,221.8
2715,"Senta",2016-03-13,310.89
2245,"Rogaska Slatina",2015-01-18,386.54
1835,"Vinkovci",2015-08-10,115.4
2530,"Knin",2016-06-02,234.33
1601,"Lendava",2016-11-16,10.05
2145,"Senta",2016-03-29,374.57
1330,"Prijepolje",2016-07-16,365.72
1900,"Trbovlje",2016-11-16,63.46
1501,"Novo Mesto",2015-09-29,360.27
2507,"Novi Pazar",2015-01-02,366.69
2810,"Krsko",2016-11-24,219.22
1290,"Vinkovci",2016-05-25,180.73
2952,"Ptuj",2016-03-03,120.4
1742,"Pula",2016-11-19,330.22
2732,"Cacak",2015-10-28,47.83
1828,"Zadar",2015-11-23,103.44
1918,"Ljubljana",2016-08-25,148.48
2192,"Piran",2016-07-13,355.92
1728,"Ljubljana",2016-12-24,183.7
2470,"Osijek",2015-02-11,499.32
2584,"Senta",2015-03-19,95.73
2364,"Sombor",2015-09-14,469.76
1068,"Litija",2016-08-06,81.07
2343,"Vranje",2015-04-15,419.91
1503,"Kragujevac",2015-07-12,429.95
2099,"Maribor",2015-01-08,141.3
2025,"Beltinci",2016-07-29,156.62
1885,"Maribor",2015-03-24,317.4
1785,"Kamnik",2016-01-01,320.99
2795,"Valjevo",2015-12-28,224.18
2129,"Celje",2015-03-17,305.13
2134,"Dubrovnik",2016-07-02,21.55
1854,"Zrenjanin",2016-12-14,338.15
1373,"Kragujevac",2016-10-15,208.5
2095,"Zalec",2015-08-12,162.63
1448,"Zadar",2016-11-19,194.14
1887,"Zadar",2015-04-11,361.21
1970,"Krusevac",2016-12-14,237.5
2252,"Osijek",2015-11-07,282.98
2546,"Jagodina",2015-07-20,155.71
2742,"Senta",2016-06-25,443.98
1334,"Knin",2016-07-12,373.94
1952,"Karlovac",2016-12-23,282.86
2079,"Split",2015-02-05,486.52
1617,"Vinkovci",2015-12-18,127.7
1270,"Maribor",2015-11-01,439.28
1206,"Zadar",2016-08-21,474.57
1435,"Lendava",2015-07-20,375.26
1875,"Zadar",2015-07-30,201.98
2000,"Trebnje",2016-11-29,265.76
2980,"Beltinci",2016-12-11,291
1600,"Domzale",2015-01-21,269.79
2315,"Pozarevac",2016-06-15,474.18
1386,"Slavonski Brod",2015-10-21,439.47
2286,"Koprivnica",2015-09-07,315.33
2091,"Vrsac",2015-11-02,451.01
2143,"Pula",2016-12-12,379.8
1743,"Jagodina",2015-04-18,145.7
1564,"Murska Sobota",2016-10-11,13.78
2380,"Zagreb",2015-02-07,416.16
1791,"Osijek",2015-12-16,63.73
1741,"Vinkovci",2015-05-29,68.01
1835,"Trebnje",2016-10-29,86.85
2858,"Osijek",2015-12-13,67.09
1522,"Kragujevac",2015-01-08,306.79
1585,"Knin",2015-03-31,472.92
1255,"Sibenik",2015-10-23,370.8
2372,"Koprivnica",2016-04-04,262.22
2494,"Celje",2016-11-26,49.88
1900,"Zrenjanin",2015-05-04,261.6
1087,"Dubrovnik",2015-07-27,397.19
2439,"Varazdin",2016-02-18,419.75
2880,"Koprivnica",2016-08-31,499.87
1010,"Nova Gorica",2016-01-10,216.8
1585,"Maribor",2015-06-19,425.24
1462,"Maribor",2016-12-01,107.31
2778,"Trbovlje",2016-06-19,100.16
1699,"Domzale",2015-01-07,281.96
2310,"Novi Sad",2015-08-15,66.61
1841,"Lendava",2016-08-02,31.44
1684,"Rogaska Slatina",2015-02-16,138.39
2850,"Maribor",2016-02-02,165.97
1279,"Izola",2016-04-23,472.87
2535,"Ivanjica",2015-05-27,224.49
1802,"Celje",2015-03-06,232.41
1241,"Sombor",2015-06-08,46.54
1777,"Senta",2016-06-01,193.02
2087,"Sibenik",2016-03-08,290.91
2351,"Kranj",2015-02-04,430.56
1171,"Vinkovci",2015-10-18,123.61
2321,"Zrenjanin",2016-03-22,479.06
1159,"Ptuj",2015-01-01,435.01
2702,"Slavonski Brod",2016-03-23,119.46
2926,"Pula",2015-01-18,200.78
2701,"Vinkovci",2016-04-01,311.58
2552,"Maribor",2015-11-30,77.44
1467,"Vinkovci",2016-05-10,142.98
2407,"Petrinja",2015-03-18,301.32
1928,"Zadar",2016-12-29,88.79
1740,"Beograd",2016-08-29,244.6
2993,"Novo Mesto",2015-12-03,426.21
1364,"Varazdin",2015-06-07,262.88
2993,"Prijepolje",2016-02-29,192.63
2921,"Kranj",2015-12-26,296.79
1590,"Trebnje",2015-12-26,365.89
2494,"Cacak",2015-04-22,179.92
2902,"Kranj",2015-10-27,88.94
2250,"Pozarevac",2015-01-18,192.27
1833,"Rijeka",2015-10-15,304.25
2861,"Krusevac",2015-11-02,373.34
2645,"Koper",2016-05-16,18.22
2338,"Sisak",2015-07-04,474.57
2966,"Sombor",2016-10-13,74.02
1242,"Zadar",2015-01-11,23.26
2288,"Piran",2016-11-28,423.68
1534,"Beltinci",2015-03-23,228.56
1792,"Beograd",2015-02-04,133.26
2934,"Slavonski Brod",2015-03-05,419.83
1981,"Karlovac",2016-02-27,242.87
1111,"Zalec",2016-02-14,68.39
1455,"Krusevac",2015-02-14,69.3
2116,"Sibenik",2015-10-04,440.39
2512,"Murska Sobota",2015-08-19,35.1
1788,"Dubrovnik",2016-01-05,182.61
1630,"Domzale",2015-10-08,213.14
1047,"Rogaska Slatina",2016-10-31,382.62
1968,"Vinkovci",2016-01-18,350.7
1481,"Kragujevac",2016-04-08,465.57
2271,"Novo Mesto",2016-10-27,90.51
1104,"Radovljica",2016-03-24,409.62
2194,"Zalec",2015-01-26,281.53
1695,"Nova Gorica",2016-12-08,444.97
1458,"Rogaska Slatina",2016-07-09,469.99
1515,"Izola",2016-06-25,16.68
1838,"Varazdin",2016-05-14,213.75
2335,"Trebnje",2015-11-20,59.71
2585,"Subotica",2016-03-24,237.73
1891,"Beograd",2016-08-04,362.57
1138,"Krusevac",2015-10-04,236.39
2781,"Zagreb",2015-04-07,98.79
1480,"Prijepolje",2015-03-18,293.16
1842,"Senta",2015-09-01,152.35
2851,"Kamnik",2016-06-09,369.03
1249,"Vrsac",2015-07-25,459.26
2765,"Ptuj",2015-08-20,136.86
2620,"Senta",2015-12-05,277.72
1329,"Zagreb",2016-07-20,384.84
1632,"Trbovlje",2016-10-10,263.86
2649,"Pula",2016-07-14,117.16
1194,"Zadar",2016-09-15,207.47
2122,"Koper",2016-10-20,284.42
2121,"Zalec",2016-05-19,36.97
2081,"Osijek",2015-12-02,385.35
2447,"Zadar",2015-01-16,24.71
1987,"Lendava",2016-07-28,74.26
2548,"Senta",2015-01-23,212.76
1007,"Rijeka",2015-08-22,309.84
1257,"Vinkovci",2015-03-08,322.92
1634,"Maribor",2016-06-01,325.43
1261,"Beltinci",2015-03-25,55.86
1598,"Izola",2015-10-15,216.25
2552,"Kragujevac",2016-10-12,27.31
1927,"Zadar",2016-06-05,165.1
1205,"Vrsac",2016-11-27,450.48
1198,"Ljubljana",2016-01-15,127.23
2612,"Koprivnica",2016-06-14,350.02
2863,"Rijeka",2016-02-20,447.31
2893,"Sibenik",2016-02-02,345.71
1458,"Kamnik",2016-07-24,63.46
2257,"Ptuj",2015-06-02,412.02
2552,"Varazdin",2016-10-16,353.01
2862,"Rijeka",2015-06-29,358.13
2078,"Kragujevac",2016-11-23,231.3
2915,"Murska Sobota",2015-10-24,81.34
2554,"Koper",2016-05-05,65.7
1752,"Vranje",2016-03-15,448.25
2511,"Senta",2015-03-30,105.31
2294,"Novi Pazar",2016-07-02,59.36
2965,"Petrinja",2016-05-22,95.44
1397,"Senta",2015-10-01,164.9
2241,"Trebnje",2015-06-03,340.35
2178,"Zrenjanin",2015-12-20,319.02
2232,"Valjevo",2015-07-05,201.75
2568,"Kragujevac",2015-02-26,309.22
1817,"Varazdin",2016-06-03,444.11
1785,"Vinkovci",2016-10-12,363.87
1659,"Sombor",2015-09-12,251.82
1346,"Osijek",2016-01-23,406.73
2833,"Ljubljana",2016-11-23,159.93
2097,"Novi Sad",2015-08-19,112.44
2588,"Ptuj",2016-05-27,154.47
2854,"Nis",2016-02-15,58.5
2352,"Vinkovci",2015-02-01,102.91
1670,"Kragujevac",2016-10-22,69.51
2362,"Senta",2016-03-18,242.93
1054,"Jagodina",2016-04-07,361.42
2270,"Vinkovci",2015-02-27,108.21
2393,"Krusevac",2015-01-13,167.67
2553,"Kranj",2015-01-31,244.52
1875,"Litija",2016-05-31,333.48
2067,"Izola",2016-06-10,332.88
1859,"Ljubljana",2015-03-05,441.98
2556,"Pozarevac",2015-08-05,27.92
2564,"Vranje",2015-09-14,132.93
2399,"Rogaska Slatina",2015-08-09,171.71
1931,"Varazdin",2015-02-06,412.99
2107,"Knin",2016-03-26,314.84
1534,"Ivanjica",2015-09-13,137.15
2577,"Varazdin",2015-09-26,249.31
2732,"Novo Mesto",2016-01-06,368.35
1193,"Kragujevac",2016-03-07,65.38
2617,"Rogaska Slatina",2016-08-30,261.66
1459,"Kraljevo",2016-05-08,331.72
2853,"Nova Gorica",2015-06-01,106.79
1575,"Varazdin",2015-05-13,248.59
2100,"Petrinja",2015-12-03,415.91
2642,"Maribor",2016-01-14,431.02
2714,"Bjelovar",2015-05-31,384.87
1997,"Ptuj",2015-07-14,327.44
2681,"Kamnik",2015-12-27,104.34
2289,"Trebnje",2016-08-25,104.58
1712,"Varazdin",2015-12-17,262.37
1354,"Split",2015-09-04,380.12
1469,"Krsko",2016-01-31,497.14
1338,"Vranje",2015-03-04,182.39
1199,"Zagreb",2016-08-01,120.77
2260,"Maribor",2015-06-30,360.02
1992,"Kragujevac",2016-10-13,222.56
1257,"Novi Sad",2015-02-22,461.86
2403,"Murska Sobota",2015-05-25,460.64
2962,"Nova Gorica",2016-04-30,195.04
1892,"Beograd",2016-05-03,75.03
1765,"Rijeka",2015-02-28,381.74
2135,"Senta",2016-06-19,495.76
2028,"Rogaska Slatina",2015-05-09,31.12
1468,"Murska Sobota",2016-08-21,133.62
1478,"Murska Sobota",2016-04-12,11.86
1611,"Ivanjica",2015-07-18,157.51
2434,"Osijek",2015-02-07,27.95
2430,"Kragujevac",2015-08-27,247.47
2922,"Zagreb",2015-05-13,278.42
2678,"Varazdin",2016-02-08,430.78
1745,"Trbovlje",2016-09-23,12.42
2638,"Beltinci",2015-05-26,499.7
2081,"Kragujevac",2016-10-31,12.08
2414,"Ljubljana",2015-01-30,345.93
1289,"Maribor",2016-07-22,493.54
2310,"Valjevo",2015-08-28,368.8
1465,"Pula",2016-05-21,317.32
2553,"Kragujevac",2015-05-08,51.55
1487,"Krusevac",2015-05-31,307.1
1813,"Sombor",2015-08-18,282.52
2288,"Krusevac",2015-06-22,243.19
1590,"Zalec",2015-03-02,14.48
2936,"Ptuj",2016-07-03,451.48
2670,"Zadar",2015-02-26,205.07
2501,"Zrenjanin",2016-01-08,208.8
2927,"Maribor",2015-06-15,464.74
1320,"Sombor",2016-08-05,389.82
1008,"Zrenjanin",2016-06-25,216.53
1866,"Kragujevac",2016-05-10,275.23
1280,"Beograd",2015-07-11,243.74
1641,"Novi Pazar",2016-10-09,147.01
1906,"Maribor",2015-06-24,262.63
1707,"Beltinci",2016-01-12,102
2063,"Maribor",2015-11-18,230.87
2171,"Ljubljana",2016-10-30,28.66
2674,"Koper",2016-01-14,274.53
2019,"Kranj",2015-05-08,240.42
1017,"Senta",2015-12-14,42.03
1949,"Trbovlje",2016-04-19,37.8
1397,"Sibenik",2015-12-11,164.5
1962,"Vinkovci",2016-09-10,165.19
1347,"Celje",2016-05-18,189.5
1066,"Sisak",2016-05-18,68.11
1877,"Pancevo",2016-01-29,360.64
2755,"Vranje",2015-02-06,274.41
2628,"Celje",2015-03-15,295.25
1382,"Osijek",2016-01-10,452.12
2574,"Subotica",2016-06-18,119.78
1150,"Krusevac",2015-10-11,418.7
1590,"Izola",2016-08-26,403.01
1470,"Nova Gorica",2016-07-02,104.44
2014,"Trebnje",2015-05-04,446.11
1343,"Zadar",2016-08-20,18.2
1167,"Osijek",2016-04-15,59.18
1160,"Karlovac",2015-11-17,215.13
1420,"Beltinci",2016-05-13,290.77
1443,"Vinkovci",2016-01-23,75.77
1028,"Trbovlje",2016-11-20,121.19
1632,"Senta",2015-09-10,152.85
2264,"Petrinja",2016-02-09,143.06
2989,"Kranj",2016-05-04,316.3
1664,"Ljubljana",2015-08-07,334.73
2065,"Slavonski Brod",2015-04-14,238.4
2945,"Subotica",2015-12-11,402.03
1043,"Rogaska Slatina",2016-12-29,494.28
1223,"Maribor",2016-07-08,327.56
2031,"Varazdin",2015-04-17,259.46
1911,"Vranje",2015-03-25,155.23
1550,"Koper",2015-05-22,430.04
1351,"Senta",2015-01-09,436.64
1832,"Krsko",2015-07-02,85.48
2885,"Ivanjica",2016-11-06,425.98
2849,"Krusevac",2016-08-26,212.14
1216,"Osijek",2016-09-29,89.01
1695,"Osijek",2015-04-29,395
1682,"Ljubljana",2016-07-03,315.23
2474,"Pancevo",2016-02-13,377.88
1055,"Apatin",2015-04-11,70.32
2301,"Sibenik",2015-03-22,53.89
2424,"Zrenjanin",2016-03-05,465.1
2491,"Novo Mesto",2015-04-01,141.81
2634,"Vinkovci",2016-01-02,307.16
1653,"Ljubljana",2016-01-16,253.56
1228,"Domzale",2016-03-15,429.95
1374,"Zalec",2015-05-06,222.42
2599,"Rijeka",2016-10-30,329.01
1241,"Pula",2016-01-02,153.65
1279,"Varazdin",2015-07-02,233.88
2757,"Zadar",2015-01-06,66.26
2543,"Krsko",2015-03-09,389.02
1659,"Kragujevac",2016-10-16,466.44
2911,"Kragujevac",2016-06-28,76.12
2097,"Senta",2015-09-14,392.29
1085,"Senta",2015-04-18,47.23
2457,"Valjevo",2016-09-27,433.95
1016,"Ljubljana",2015-09-08,139.35
1648,"Osijek",2016-07-31,262.03
1162,"Pozarevac",2015-12-20,305.94
2508,"Litija",2015-11-03,432.07
2492,"Beograd",2015-09-27,176.38
2470,"Zadar",2016-11-17,336.06
2208,"Senta",2016-01-31,167.25
1655,"Celje",2016-12-05,233.69
1819,"Prijepolje",2015-10-30,412.5
1473,"Pozarevac",2016-11-29,130.11
1354,"Kranj",2015-11-16,160.81
1034,"Knin",2016-11-19,62.5
2973,"Sombor",2016-06-12,419.19
2561,"Kranj",2015-04-25,313.45
1780,"Beltinci",2015-02-13,117.69
2059,"Subotica",2016-03-25,420.41
2710,"Radovljica",2016-01-14,205.41
1502,"Nis",2016-10-08,207.2
1408,"Subotica",2016-02-15,110.11
2051,"Ptuj",2016-08-27,99.37
1668,"Zalec",2016-02-03,174.14
1972,"Nis",2016-12-07,401.6
1811,"Kraljevo",2015-12-01,70.11
2333,"Senta",2016-02-01,79.94
2176,"Kranj",2016-10-06,339.55
2308,"Osijek",2015-11-13,216.16
1147,"Novi Sad",2016-02-02,441.92
1092,"Kraljevo",2015-05-10,241.12
1268,"Piran",2015-10-19,309.66
1716,"Varazdin",2016-12-06,410.68
1674,"Valjevo",2016-08-31,478.72
2974,"Beograd",2015-07-01,29.51
1371,"Vranje",2015-09-08,34.74
1516,"Novi Pazar",2016-11-09,361.81
2079,"Ptuj",2015-10-06,120.82
1076,"Sisak",2015-08-04,90.62
1470,"Jagodina",2016-10-14,353.04
2371,"Piran",2016-10-16,189.88
1683,"Maribor",2015-06-11,371.01
1583,"Petrinja",2016-10-16,257.69
1125,"Pula",2015-06-29,317.8
2445,"Kragujevac",2016-10-21,253.5
2175,"Pozarevac",2015-05-28,480.19
1719,"Zalec",2016-01-09,227.64
2098,"Kamnik",2015-11-11,477
1598,"Kraljevo",2015-08-12,90.01
2629,"Kragujevac",2015-06-01,45.4
1479,"Rijeka",2015-09-08,323.12
1986,"Izola",2015-01-10,175.71
1303,"Kamnik",2016-07-29,315.92
2806,"Jagodina",2015-03-11,47.13
1832,"Zrenjanin",2016-06-26,163.14
2717,"Senta",2015-11-10,84.15
1777,"Sombor",2015-11-12,362.2
2109,"Piran",2016-04-26,303.04
2065,"Apatin",2015-10-20,466.5
1099,"Krusevac",2016-11-26,322.31
2960,"Osijek",2016-10-01,319.05
2048,"Piran",2015-11-15,116.61
1605,"Koprivnica",2016-07-11,398.04
1179,"Murska Sobota",2016-01-09,313.08
2316,"Osijek",2016-10-19,340.35
2919,"Valjevo",2016-03-18,124.35
1538,"Pula",2016-07-21,399.85
1712,"Litija",2015-09-06,303.26
1210,"Kamnik",2016-04-29,342.74
1546,"Kraljevo",2016-04-01,277.07
1929,"Vranje",2015-08-30,204.73
1702,"Vinkovci",2015-12-18,200.22
1342,"Ivanjica",2015-01-27,321.04
1075,"Trebnje",2015-06-06,92.57
2230,"Novo Mesto",2016-06-03,386.76
2456,"Pula",2015-11-19,167.22
2314,"Vinkovci",2016-05-30,109.72
2692,"Zadar",2016-04-09,347.29
1838,"Sisak",2016-03-25,298.69
1988,"Sisak",2016-08-16,162.19
2964,"Split",2015-10-07,443.07
2389,"Pula",2016-05-31,192.48
1033,"Dubrovnik",2015-03-10,136.89
2404,"Radovljica",2015-01-17,79.76
2020,"Rijeka",2016-10-23,251.93
1200,"Knin",2015-11-17,172.73
2838,"Rijeka",2015-09-27,229.07
2664,"Trbovlje",2016-01-31,250.14
1265,"Krusevac",2016-07-11,454.2
2704,"Kranj",2015-04-02,124.15
1424,"Cacak",2015-02-20,109.12
2062,"Rogaska Slatina",2016-10-16,181.97
1241,"Apatin",2016-06-20,279.9
2899,"Karlovac",2016-06-16,76.4
2527,"Ptuj",2016-08-13,204.43
2238,"Sibenik",2016-08-27,388.83
2925,"Krsko",2016-03-09,138.6
2951,"Kragujevac",2016-10-19,493.36
2126,"Lendava",2016-03-06,492.73
1956,"Novo Mesto",2016-01-10,174.31
1591,"Senta",2016-10-01,319.27
1857,"Lendava",2016-07-08,343.02
1399,"Nova Gorica",2015-08-17,430.43
1001,"Vrsac",2015-05-06,472.15
2697,"Knin",2016-08-31,355.41
2101,"Sombor",2015-04-10,181.66
2181,"Kamnik",2015-12-03,413.23
1155,"Senta",2016-11-22,180.8
1980,"Sombor",2016-12-03,490.06
1214,"Kamnik",2015-06-07,373.22
2721,"Beltinci",2016-09-28,267.02
2018,"Nova Gorica",2016-04-26,93.53
1285,"Rijeka",2015-10-08,412.84
2752,"Lendava",2016-04-16,221.32
2446,"Sisak",2015-08-01,454.88
2349,"Kragujevac",2015-12-10,152.14
1963,"Novo Mesto",2015-03-29,456.5
2730,"Senta",2016-04-12,91.62
1429,"Vinkovci",2016-01-13,498.7
2722,"Zadar",2015-10-23,334.88
2138,"Rijeka",2016-01-24,310.39
1749,"Piran",2016-02-15,227.95
2583,"Ivanjica",2016-08-23,266.67
1649,"Kranj",2016-09-21,492.64
2563,"Vinkovci",2016-09-15,304.47
1715,"Varazdin",2015-07-02,11.09
1753,"Lendava",2016-11-29,430.27
2858,"Pancevo",2015-09-26,372.91
1384,"Krsko",2015-04-04,420.47
2067,"Novi Pazar",2015-03-24,110.81
2456,"Domzale",2015-06-24,314.78
1160,"Pula",2016-11-02,199.8
2187,"Izola",2015-04-13,343.15
2138,"Novi Pazar",2015-08-31,77.68
1908,"Senta",2015-11-29,419.43
2905,"Sibenik",2015-06-22,362.07
1334,"Vinkovci",2016-05-18,39.3
2100,"Rogaska Slatina",2015-07-05,457.06
1173,"Sombor",2015-09-27,453.43
2629,"Subotica",2016-01-03,346.93
2654,"Zadar",2016-09-30,96.73
1657,"Zrenjanin",2016-12-03,98.65
1875,"Kragujevac",2015-05-27,298.31
1433,"Krusevac",2016-08-28,473.93
1614,"Knin",2015-02-01,480.04
2305,"Vranje",2016-06-11,223.14
2443,"Trebnje",2015-02-26,300.14
1803,"Koprivnica",2015-11-18,289.75
2079,"Sisak",2016-01-07,132.22
1824,"Zalec",2015-05-10,245.38
1514,"Zagreb",2016-02-21,176.73
2240,"Slavonski Brod",2015-07-13,213.14
2546,"Maribor",2015-10-07,244.7
1050,"Kranj",2015-05-02,270.81
1925,"Osijek",2015-05-15,86.26
2807,"Sombor",2016-11-24,84.17
2902,"Maribor",2016-05-24,250.17
1010,"Osijek",2016-09-01,439.04
1229,"Kragujevac",2015-09-03,239.03
2375,"Osijek",2016-06-03,373.07
2246,"Piran",2015-07-17,212.6
1612,"Zadar",2015-07-31,270.39
2985,"Koprivnica",2016-01-22,328.95
2941,"Pancevo",2015-07-21,415.61
2168,"Zrenjanin",2015-01-09,241.25
1644,"Karlovac",2015-05-05,64.3
2650,"Valjevo",2016-07-12,166.33
1334,"Zrenjanin",2015-09-13,431.92
1242,"Novi Sad",2015-06-04,165.35
2631,"Domzale",2015-06-05,296.13
1317,"Valjevo",2015-11-01,151.74
1418,"Pancevo",2015-03-23,349.37
2626,"Ivanjica",2016-04-13,151.3
2941,"Senta",2015-08-28,168.91
1446,"Osijek",2015-06-10,158.05
1600,"Knin",2016-09-02,116.34
1142,"Novi Pazar",2016-06-11,131.24
2658,"Trebnje",2015-10-25,153.31
2314,"Cacak",2015-10-19,101.18
2565,"Novi Pazar",2015-09-09,426.48
1161,"Jagodina",2015-07-19,306.19
2604,"Beltinci",2015-11-01,432.53
2988,"Split",2015-07-27,268.11
1966,"Nis",2015-08-02,470.61
2153,"Lendava",2016-07-26,455.93
1207,"Rijeka",2015-02-05,242.89
2511,"Krusevac",2016-05-21,88.96
2558,"Zadar",2016-09-30,120.16
2494,"Krusevac",2015-09-24,378.58
2751,"Kragujevac",2017-01-01,465.48
2812,"Zadar",2015-04-10,137.3
2298,"Jagodina",2015-02-13,39.57
2928,"Knin",2015-09-17,321.63
1722,"Pula",2015-10-25,224.07
2981,"Vinkovci",2016-01-05,25.79
2005,"Zalec",2016-04-07,366.15
2234,"Krsko",2015-06-21,111.57
2220,"Vrsac",2015-07-13,70.05
2708,"Sombor",2015-10-02,449.92
1719,"Celje",2015-07-11,39.09
1486,"Novi Pazar",2015-01-17,408.15
1871,"Maribor",2015-12-31,346.95
1543,"Kragujevac",2015-10-29,269.14
1047,"Rijeka",2016-12-13,474.27
2806,"Beograd",2016-01-27,237.35
2689,"Valjevo",2015-11-05,126.32
2939,"Novi Sad",2015-08-25,156.86
2058,"Krsko",2015-10-26,130.61
2590,"Prijepolje",2016-09-04,236.81
2438,"Kragujevac",2016-05-13,94.87
2916,"Trbovlje",2015-04-20,128.3
1151,"Kraljevo",2016-03-15,466.28
2552,"Trbovlje",2015-09-10,144.32
2350,"Koper",2016-11-22,127.35
1440,"Valjevo",2015-07-24,480.83
2868,"Sibenik",2016-08-01,108.57
2442,"Novi Pazar",2015-04-20,398.55
2209,"Petrinja",2015-10-19,113.24
1949,"Trebnje",2015-05-01,497.89
1780,"Zadar",2016-08-03,146.37
2997,"Ivanjica",2015-07-04,411.01
2859,"Kraljevo",2016-12-21,144.76
2662,"Karlovac",2016-02-22,218.29
1536,"Beltinci",2016-10-18,366.67
2052,"Zagreb",2016-06-05,324.77
1692,"Apatin",2016-10-05,313.1
2551,"Maribor",2015-11-10,300.84
1680,"Sisak",2015-08-26,344.43
1239,"Ptuj",2015-08-29,450.01
2032,"Beograd",2016-11-29,139.5
2316,"Osijek",2015-02-01,190.66
1309,"Varazdin",2015-05-02,385.16
2749,"Novi Sad",2016-08-03,488.34
1749,"Zalec",2016-04-06,10.57
2771,"Varazdin",2015-12-21,125.68
2493,"Apatin",2016-10-11,436.44
2559,"Prijepolje",2016-04-14,224.78
1781,"Vinkovci",2016-04-18,293.81
2181,"Krsko",2015-05-13,230.51
1620,"Zrenjanin",2016-05-27,177.92
2725,"Pozarevac",2015-06-27,212.51
2651,"Senta",2015-05-26,344.57
1366,"Valjevo",2015-11-26,481.53
2831,"Dubrovnik",2016-12-19,64.21
2004,"Beograd",2015-12-03,136.24
2246,"Zagreb",2016-04-12,139.1
2910,"Zalec",2016-08-24,361
2702,"Osijek",2016-04-15,276.3
2252,"Varazdin",2015-09-20,34.17
2095,"Valjevo",2015-09-27,38.95
2262,"Sombor",2015-10-04,77.18
1781,"Kranj",2016-03-03,247.13
1431,"Trbovlje",2016-01-02,399.29
2344,"Varazdin",2016-02-21,247.9
2174,"Sibenik",2016-05-22,85.13
1025,"Beograd",2015-03-06,201.17
2069,"Petrinja",2015-02-27,260.35
2558,"Celje",2016-03-06,58.01
2246,"Rogaska Slatina",2015-07-08,101.98
1702,"Nova Gorica",2016-04-15,440.39
2940,"Koprivnica",2016-01-30,183.82
2360,"Pancevo",2015-12-07,43.67
1255,"Pancevo",2016-08-25,84.42
1038,"Prijepolje",2015-12-23,44.21
1326,"Beograd",2016-11-04,244.16
1044,"Novi Pazar",2016-01-31,147.23
2326,"Trebnje",2016-11-08,274.67
1331,"Radovljica",2016-12-11,470.28
2119,"Ivanjica",2015-10-19,182.71
2709,"Sibenik",2015-09-12,275.85
2490,"Ljubljana",2016-05-05,21.9
1827,"Sibenik",2016-04-01,305.18
2106,"Ptuj",2016-03-21,173.69
1856,"Kraljevo",2016-10-09,213.1
1400,"Pozarevac",2015-05-22,19.53
2672,"Vinkovci",2016-11-27,307.31
2644,"Piran",2015-11-14,116.93
2405,"Kraljevo",2016-06-22,370.98
2901,"Domzale",2016-05-24,332.96
2942,"Karlovac",2016-01-17,382.58
1158,"Novi Pazar",2015-02-24,147.39
2701,"Krsko",2015-08-26,458.23
2312,"Sombor",2016-06-27,68.31
1847,"Beograd",2015-04-13,116.95
1827,"Ljubljana",2016-02-10,390.26
1583,"Karlovac",2016-05-24,224.22
2668,"Cacak",2015-12-07,45.75
1830,"Celje",2015-01-23,333.59
1201,"Senta",2015-01-09,87.72
1936,"Ljubljana",2016-07-16,399.71
2371,"Prijepolje",2016-12-19,320.54
2572,"Piran",2016-12-10,191.08
1429,"Trebnje",2015-12-27,25.02
1082,"Senta",2015-12-14,373.78
1143,"Kranj",2015-12-01,364.02
2029,"Maribor",2016-05-24,152.93
1763,"Litija",2015-09-17,310.51
2203,"Kragujevac",2016-11-11,189.52
2735,"Trbovlje",2016-09-07,387.99
1088,"Rogaska Slatina",2015-10-22,423.69
2485,"Celje",2016-12-31,422.79
2118,"Senta",2016-08-08,24.63
2837,"Osijek",2015-05-20,57.33
1856,"Valjevo",2016-09-10,297.96
2287,"Kranj",2016-12-10,227
2194,"Krsko",2016-10-12,413.15
1886,"Nis",2015-05-27,25.25
1755,"Maribor",2016-03-23,188.91
2815,"Pancevo",2016-10-20,436.2
2028,"Valjevo",2016-05-28,369.64
1141,"Vrsac",2015-08-02,469.05
2472,"Rogaska Slatina",2015-08-15,127.57
1868,"Ivanjica",2016-03-16,456.17
2378,"Varazdin",2016-07-12,288.31
1003,"Valjevo",2015-08-25,249.52
1034,"Vranje",2015-04-28,256.91
2261,"Koper",2015-02-24,221.24
2233,"Karlovac",2016-04-25,249.41
1777,"Senta",2016-09-16,204.55
1523,"Osijek",2016-07-07,59.5
2663,"Nova Gorica",2016-09-13,422.08
2455,"Maribor",2015-11-07,223.36
2794,"Celje",2016-03-26,141.38
2305,"Radovljica",2015-10-30,111.84
1203,"Beograd",2015-06-12,106.19
1955,"Varazdin",2015-11-01,186.19
2252,"Kragujevac",2015-06-26,336.48
1044,"Prijepolje",2015-10-09,425.1
1263,"Sombor",2016-09-02,105.86
1912,"Kamnik",2015-03-05,149.89
1900,"Subotica",2016-03-02,222.18
2362,"Nis",2015-12-11,248.6
1357,"Subotica",2016-09-10,381.15
2055,"Zagreb",2016-08-05,275.1
1257,"Ivanjica",2015-04-20,483.36
2168,"Trebnje",2015-07-21,218.18
1886,"Sisak",2016-08-23,93.43
1816,"Zadar",2015-10-01,397.05
2735,"Rogaska Slatina",2016-01-05,100.42
1818,"Pancevo",2015-05-27,246.7
1913,"Koper",2016-06-22,142.37
1921,"Sibenik",2016-08-10,285.16
1797,"Nis",2015-12-12,486.87
2234,"Pozarevac",2015-03-12,101.46
1068,"Jagodina",2015-01-29,366.21
2372,"Zadar",2016-10-23,182.06
1476,"Zrenjanin",2015-07-01,333.56
2581,"Slavonski Brod",2016-10-25,136.82
1523,"Split",2016-08-05,108.37
1311,"Valjevo",2016-07-10,344.35
1000,"Subotica",2016-05-14,53.73
2967,"Dubrovnik",2015-07-10,438.87
1861,"Izola",2016-08-19,358.46
2661,"Kamnik",2015-08-30,168.04
1497,"Vrsac",2015-06-04,487.12
2075,"Vinkovci",2015-07-12,16.55
2542,"Celje",2015-10-04,144.14
2220,"Zrenjanin",2015-10-06,107.47
2417,"Pancevo",2016-11-30,144.82
2315,"Osijek",2016-05-22,95.79
2791,"Vinkovci",2016-11-16,441.29
2415,"Split",2015-11-07,441.76
2278,"Bjelovar",2017-01-01,484.51
2072,"Vrsac",2016-05-21,282.86
1478,"Varazdin",2016-07-15,16.17
1068,"Novi Sad",2016-01-17,471.18
2702,"Beograd",2015-04-06,256.46
2941,"Kragujevac",2015-07-22,331.32
2355,"Kamnik",2015-05-05,262.78
2004,"Kragujevac",2016-04-30,39.82
1393,"Vinkovci",2015-07-04,368.56
2725,"Prijepolje",2015-11-29,347.94
1220,"Sombor",2016-12-18,357.67
1989,"Valjevo",2015-12-01,121.36
2403,"Lendava",2015-05-02,184.99
1704,"Valjevo",2015-03-12,255.12
1302,"Karlovac",2016-07-28,476.93
1141,"Rogaska Slatina",2016-03-24,235.16
1070,"Senta",2015-07-27,44.52
1702,"Valjevo",2016-11-04,226.94
2697,"Sombor",2015-11-18,234.75
2481,"Rijeka",2016-09-04,191.39
2396,"Vinkovci",2016-01-11,214.83
2742,"Maribor",2016-05-10,486.6
2788,"Trbovlje",2015-10-07,19.14
1402,"Sibenik",2016-02-14,467.89
1977,"Koprivnica",2015-03-27,499.9
2645,"Koper",2016-02-14,101.59
2791,"Zadar",2015-01-21,438.06
2941,"Maribor",2016-01-05,293.58
2809,"Litija",2016-02-29,426.1
1434,"Beltinci",2016-01-16,438.85
2917,"Trebnje",2016-05-24,268.75
2858,"Apatin",2016-01-07,433.79
2386,"Sibenik",2016-08-26,357.52
2587,"Kranj",2016-10-07,100.79
1702,"Senta",2015-08-24,121.78
1164,"Zadar",2016-02-21,461.14
1365,"Vranje",2016-10-17,57.91
2041,"Pozarevac",2016-01-27,127.86
2704,"Krsko",2015-10-01,454.54
1320,"Murska Sobota",2015-12-01,279.69
1806,"Kragujevac",2016-06-18,380.59
1782,"Nis",2016-09-08,287.83
2712,"Sombor",2016-10-05,282.46
2989,"Zadar",2016-11-02,23.44
2004,"Beltinci",2016-02-20,277.58
1864,"Radovljica",2016-09-14,229.02
2893,"Vinkovci",2015-08-04,199.28
2447,"Split",2016-02-27,18.75
2481,"Zadar",2016-05-21,391.86
1827,"Pancevo",2015-07-02,22.07
1929,"Senta",2016-07-11,281.57
1345,"Senta",2015-03-15,316.6
1529,"Nis",2015-07-03,204.31
2476,"Varazdin",2016-05-03,320.43
1955,"Nova Gorica",2015-11-23,362.54
1034,"Vranje",2016-05-30,419.18
1197,"Senta",2016-01-29,171.4
1988,"Ljubljana",2016-02-21,327.45
1053,"Beograd",2016-08-21,299.9
2706,"Litija",2016-12-05,132.61
1763,"Trbovlje",2015-08-24,378.87
1072,"Osijek",2016-06-09,113.71
2301,"Varazdin",2015-02-22,292.87
2043,"Domzale",2015-09-13,396.84
2198,"Osijek",2016-02-27,38.83
1989,"Domzale",2015-04-29,464.04
1113,"Cacak",2015-02-22,241.2
1680,"Maribor",2016-07-20,396.02
1397,"Litija",2016-03-10,251.91
2564,"Koper",2016-05-19,297.07
2802,"Kraljevo",2016-07-01,172.46
1955,"Vranje",2016-07-09,241.52
1019,"Rijeka",2015-05-25,316.24
1464,"Cacak",2016-02-17,474.66
2259,"Ivanjica",2015-03-24,382.91
2003,"Beograd",2016-02-04,13.11
2202,"Ptuj",2015-10-22,432.7
1856,"Senta",2015-11-02,421.42
1268,"Osijek",2016-10-21,194.75
2099,"Sibenik",2015-10-17,222.37
2925,"Kragujevac",2016-01-14,187.18
1834,"Ljubljana",2015-08-01,73.63
2115,"Zadar",2016-12-08,88.93
2451,"Dubrovnik",2016-08-03,401.32
1491,"Novo Mesto",2016-03-06,416.59
2290,"Karlovac",2015-10-02,90.1
2042,"Nis",2015-06-19,309.77
2034,"Pancevo",2016-08-21,320.94
2086,"Kranj",2015-03-28,108.33
2379,"Valjevo",2016-12-02,291.06
1405,"Kranj",2016-07-18,400.87
2930,"Zrenjanin",2016-12-01,282.51
1154,"Kragujevac",2015-11-23,119.25
1257,"Senta",2015-08-10,25.68
2275,"Koprivnica",2015-02-08,348.55
1389,"Valjevo",2016-03-09,286.61
2766,"Kranj",2015-01-23,466.53
1227,"Zadar",2016-07-19,162.36
1822,"Maribor",2015-06-10,234.79
1505,"Dubrovnik",2016-08-30,127.98
1047,"Ptuj",2016-12-05,409.12
2405,"Pula",2016-07-20,67.96
2790,"Kranj",2016-02-24,157.65
1667,"Zadar",2015-02-22,72.43
1796,"Varazdin",2016-07-31,409.77
1195,"Krusevac",2016-08-29,107.45
1680,"Kragujevac",2015-04-04,301.3
1388,"Maribor",2015-05-26,447.96
2647,"Zrenjanin",2016-07-14,105.16
2118,"Koprivnica",2015-07-11,380.7
1250,"Petrinja",2016-01-28,215.88
2642,"Maribor",2015-11-23,308.06
2903,"Ptuj",2016-02-11,437.76
2016,"Senta",2015-05-25,478.91
2160,"Beltinci",2016-11-01,117.88
1338,"Nova Gorica",2016-04-05,473.8
2179,"Petrinja",2015-09-25,211.82
2806,"Zadar",2016-07-20,410.2
1571,"Domzale",2016-11-12,118.2
2738,"Koprivnica",2016-03-16,67.98
2244,"Novi Pazar",2016-05-04,326.62
1016,"Senta",2015-02-24,462.8
2468,"Domzale",2015-08-02,344.97
1552,"Zagreb",2016-07-02,215.76
2560,"Dubrovnik",2016-06-16,267.15
1238,"Sibenik",2016-05-06,208.02
1331,"Beltinci",2015-09-05,185.85
1509,"Kamnik",2016-09-16,301
2810,"Zrenjanin",2016-07-15,24.18
2075,"Zadar",2016-07-25,267.3
1710,"Zrenjanin",2016-06-19,208.82
1266,"Vrsac",2015-09-17,162.24
2678,"Sibenik",2015-09-09,438.76
1200,"Kragujevac",2015-02-11,379.11
2529,"Osijek",2016-01-11,124.38
2005,"Ptuj",2016-10-13,164.3
2367,"Nova Gorica",2015-10-23,487.23
2362,"Radovljica",2015-11-10,150.19
1650,"Litija",2015-07-06,370.55
1544,"Kragujevac",2016-11-11,205.82
2992,"Krsko",2016-11-05,208.95
1616,"Novi Sad",2016-08-20,119.62
2814,"Novo Mesto",2015-01-21,469.26
2271,"Valjevo",2015-07-28,284.92
1016,"Murska Sobota",2015-11-28,452.01
2673,"Varazdin",2015-07-22,236.02
2479,"Sibenik",2016-06-18,197.69
2553,"Sombor",2016-02-16,197.99
2943,"Slavonski Brod",2016-10-18,368.2
1101,"Sibenik",2015-04-01,342.51
2880,"Vinkovci",2016-08-26,437.96
2969,"Vranje",2015-05-08,26.67
1070,"Apatin",2015-05-01,104.67
2382,"Murska Sobota",2015-06-10,303.83
2419,"Petrinja",2016-04-17,315.59
2512,"Prijepolje",2016-07-23,409.97
1079,"Zalec",2015-10-22,243.37
1642,"Osijek",2016-07-09,407.24
2950,"Pula",2015-06-05,98.96
2250,"Nova Gorica",2016-10-20,493.72
1532,"Murska Sobota",2016-08-01,488.23
2773,"Trebnje",2016-04-29,137.96
1829,"Zadar",2016-07-09,276.06
1673,"Trbovlje",2015-06-10,90.12
2051,"Trebnje",2015-10-29,180.12
1419,"Kragujevac",2016-12-21,317.63
1153,"Pancevo",2016-09-12,381.72
2664,"Rogaska Slatina",2016-05-02,32.52
1089,"Novi Sad",2016-10-20,447.67
2300,"Kraljevo",2016-05-19,444.63
2961,"Kranj",2016-08-31,399.23
1375,"Zagreb",2016-03-18,82.29
2893,"Bjelovar",2016-05-28,437.37
1632,"Senta",2015-11-10,338.06
2698,"Zrenjanin",2015-10-22,10.74
1605,"Koprivnica",2015-07-28,190.2
1011,"Vinkovci",2016-03-11,275.37
2784,"Novi Pazar",2016-02-20,14.25
1491,"Sibenik",2016-03-19,210.1
2164,"Pozarevac",2015-11-04,305.13
2841,"Rijeka",2015-07-08,123.3
1959,"Koprivnica",2016-09-26,76.16
1544,"Vranje",2015-11-15,417.65
1151,"Novi Sad",2016-01-23,412.69
1008,"Vrsac",2015-03-05,171.45
2694,"Zadar",2015-10-17,13.49
1351,"Nova Gorica",2016-08-02,118.8
1705,"Piran",2016-08-06,229.46
1383,"Zrenjanin",2016-01-22,267.53
1286,"Krusevac",2016-04-23,81.58
1059,"Kragujevac",2015-06-18,279.94
2626,"Senta",2015-07-19,436.38
2634,"Sibenik",2016-07-05,476.21
1373,"Novi Sad",2016-07-18,124.35
1736,"Kamnik",2015-03-29,112.82
1406,"Novi Pazar",2016-11-27,414.34
2905,"Beograd",2016-02-19,448.83
2956,"Pozarevac",2016-10-12,166.7
2225,"Ivanjica",2016-10-28,320.19
2706,"Karlovac",2015-12-29,280.31
1658,"Nova Gorica",2016-11-08,115.76
2935,"Vrsac",2015-07-22,464.81
2774,"Trebnje",2015-10-01,374.55
2190,"Cacak",2015-02-17,131.31
1607,"Krsko",2015-04-10,224.43
2775,"Sibenik",2016-01-13,483.1
2329,"Kraljevo",2015-02-03,377.27
2527,"Radovljica",2016-04-23,420.61
1914,"Zrenjanin",2016-10-19,447.64
1131,"Trebnje",2015-08-20,451.26
2202,"Nova Gorica",2016-01-17,429.68
1162,"Beltinci",2016-08-30,16.05
2313,"Domzale",2015-04-27,417.92
1924,"Maribor",2015-05-02,222.21
2612,"Varazdin",2016-08-27,79.38
1483,"Vinkovci",2016-11-14,44.91
2491,"Sisak",2015-12-24,37.92
2333,"Valjevo",2015-09-28,390.32
1229,"Zrenjanin",2015-05-08,348.81
1322,"Piran",2016-03-12,445.75
2880,"Rijeka",2016-06-16,59.97
1212,"Osijek",2016-12-17,141.54
1308,"Kranj",2015-08-07,201.7
2447,"Ivanjica",2015-10-06,159.16
2668,"Senta",2016-04-02,389.58
2284,"Kamnik",2016-03-04,35.7
1466,"Senta",2016-10-17,478.49
1491,"Senta",2016-06-30,394.9
2885,"Knin",2016-07-16,343.97
2606,"Radovljica",2015-10-24,464.75
2389,"Beltinci",2016-09-14,214.27
1144,"Beltinci",2016-01-18,31.84
2500,"Pancevo",2015-02-07,427.82
1255,"Sibenik",2015-03-14,27.13
1097,"Osijek",2016-09-21,42.55
2552,"Osijek",2015-08-28,438.12
2212,"Radovljica",2015-05-27,152.83
2290,"Varazdin",2015-08-16,456.52
2293,"Dubrovnik",2016-07-10,97.46
2383,"Rijeka",2015-12-14,326
1160,"Novo Mesto",2015-09-09,277.67
1673,"Novi Sad",2015-07-22,301.9
2983,"Pancevo",2016-12-27,155.63
1137,"Celje",2016-04-06,140.94
2761,"Zrenjanin",2016-11-06,85.03
1892,"Pozarevac",2015-11-12,320.03
2573,"Lendava",2015-08-27,95.51
2228,"Zagreb",2015-09-23,169.54
1779,"Maribor",2015-08-23,168.75
2314,"Rijeka",2015-02-21,489.95
2127,"Senta",2015-11-03,221.63
2210,"Rijeka",2015-06-10,170.03
2056,"Subotica",2015-07-16,397.9
1237,"Bjelovar",2015-02-03,10.42
1938,"Krusevac",2016-07-19,197.74
1117,"Novi Pazar",2016-04-15,348.81
1778,"Pancevo",2016-11-29,393.5
2863,"Pancevo",2016-06-15,61.13
2616,"Koprivnica",2015-11-21,467.84
1771,"Knin",2015-10-31,399.39
1587,"Pozarevac",2015-11-07,227.36
1302,"Pozarevac",2015-10-30,39.91
2719,"Ptuj",2015-09-14,364.87
1013,"Krsko",2015-11-26,204.97
2586,"Sibenik",2016-04-02,277.59
2690,"Split",2016-10-08,329.42
1586,"Jagodina",2015-12-16,343.77
1432,"Kamnik",2015-07-26,216.69
1412,"Cacak",2016-03-29,417.36
1421,"Nova Gorica",2015-12-11,22.63
1235,"Osijek",2016-12-23,493.22
2298,"Pozarevac",2015-01-07,47.58
2300,"Beograd",2015-04-18,170.2
1048,"Beograd",2015-11-20,106.8
2285,"Varazdin",2016-02-26,428.62
2348,"Beograd",2015-12-23,474.45
2776,"Koprivnica",2016-08-14,68.09
1215,"Novi Pazar",2015-02-10,230.31
1253,"Ivanjica",2015-07-29,238.51
1143,"Kragujevac",2015-11-20,450.49
1456,"Osijek",2015-02-14,65.63
2898,"Novi Sad",2016-06-11,289.9
2764,"Radovljica",2016-07-10,451.29
1845,"Senta",2015-12-21,162.19
1638,"Kamnik",2015-09-19,169.01
2725,"Koprivnica",2016-01-09,436.42
2092,"Novo Mesto",2016-09-18,171.05
2002,"Prijepolje",2015-11-06,71.59
2143,"Trbovlje",2015-04-05,184.55
2053,"Zrenjanin",2015-05-31,466.04
2853,"Murska Sobota",2016-03-29,438.84
1940,"Litija",2015-01-30,411.91
1627,"Vranje",2016-01-29,20.67
2603,"Nova Gorica",2015-03-25,319.31
1579,"Nova Gorica",2015-12-07,392.65
2002,"Vranje",2016-05-02,361.45
2119,"Slavonski Brod",2015-07-14,101.04
2627,"Kraljevo",2015-02-19,294.53
2492,"Apatin",2015-09-01,212.76
1691,"Kragujevac",2016-03-09,170.44
1069,"Nova Gorica",2015-10-09,216.21
1809,"Kranj",2015-07-16,189.14
1275,"Bjelovar",2016-01-12,436.65
2786,"Osijek",2016-12-19,143.76
2488,"Sisak",2016-02-03,202.73
1074,"Pula",2016-03-25,447.21
1295,"Ptuj",2015-07-10,413.3
1404,"Novi Pazar",2016-10-18,365.53
1740,"Petrinja",2015-03-11,225.52
2759,"Senta",2015-10-13,233.79
2081,"Osijek",2016-12-09,245.41
1082,"Kranj",2016-06-09,72.42
1298,"Slavonski Brod",2015-07-05,150.18
2792,"Kranj",2015-07-26,316.48
2697,"Krusevac",2016-12-16,347.26
2099,"Varazdin",2015-05-29,86.97
2933,"Zadar",2015-11-22,402.04
1578,"Nova Gorica",2015-04-12,106.64
1815,"Celje",2015-07-27,274.26
1531,"Domzale",2016-10-26,489.84
1255,"Novo Mesto",2015-08-27,214.34
1601,"Dubrovnik",2016-03-07,49.87
2155,"Maribor",2016-04-21,93.21
2027,"Novi Pazar",2016-02-22,102.42
2753,"Celje",2016-05-19,24.21
1960,"Zadar",2015-06-05,147.54
1216,"Zadar",2016-02-10,188.35
1764,"Novi Sad",2015-08-20,145.08
2104,"Varazdin",2016-05-09,68.48
1724,"Radovljica",2015-05-11,73.79
1547,"Koprivnica",2015-11-20,437.34
1656,"Murska Sobota",2016-06-02,218.52
2446,"Krusevac",2016-01-19,59.12
1248,"Beltinci",2016-11-24,83.32
2082,"Split",2016-07-28,446.49
1580,"Kranj",2016-06-30,456.04
2756,"Izola",2016-04-20,422.74
2160,"Senta",2016-03-27,279.08
1798,"Sombor",2016-03-13,139.79
2221,"Cacak",2015-05-30,404.25
1296,"Senta",2016-09-13,42.55
1414,"Dubrovnik",2015-10-20,49.17
2570,"Litija",2016-05-27,146.37
1072,"Maribor",2016-03-25,252.17
2840,"Beograd",2016-01-15,429.46
2274,"Prijepolje",2016-11-02,356.59
2957,"Sombor",2016-01-12,213.73
1593,"Pozarevac",2015-06-13,274.15
1912,"Knin",2015-05-06,80.2
2356,"Senta",2015-04-17,258.44
2387,"Senta",2016-01-15,65.14
1174,"Novi Sad",2016-01-24,83.75
2628,"Knin",2016-04-08,449.68
1233,"Kranj",2015-03-04,139.74
2844,"Beograd",2016-08-01,377.69
2295,"Radovljica",2016-07-17,177.96
1992,"Zrenjanin",2016-01-21,321.47
2166,"Pozarevac",2015-11-05,113.47
2370,"Piran",2016-07-06,363.84
1149,"Pancevo",2016-07-29,390.98
2159,"Zrenjanin",2016-05-19,480.25
2344,"Rogaska Slatina",2016-03-08,480.77
2989,"Sibenik",2016-04-06,238.38
1213,"Radovljica",2016-02-18,453.83
2221,"Trbovlje",2016-08-03,340.39
1772,"Piran",2016-05-25,335.26
1473,"Osijek",2016-12-07,329.04
2544,"Domzale",2015-03-11,231.93
2822,"Radovljica",2016-12-05,261.92
1066,"Vinkovci",2015-12-06,361.67
1424,"Varazdin",2015-06-27,207.64
2055,"Sombor",2016-01-24,115.43
1308,"Pozarevac",2016-04-07,212.03
1022,"Knin",2015-03-14,306.19
2617,"Zrenjanin",2016-04-24,239.45
1313,"Rijeka",2015-12-06,287.39
2430,"Vranje",2016-08-30,207.01
1504,"Sisak",2015-05-01,14.66
2138,"Karlovac",2016-09-24,106.64
1792,"Zalec",2016-02-28,485.82
1293,"Zagreb",2015-06-23,354.75
2565,"Novo Mesto",2016-05-22,54.84
1677,"Varazdin",2016-05-03,342.16
2667,"Rogaska Slatina",2015-02-10,12.12
1501,"Kragujevac",2016-05-09,136.95
1720,"Ljubljana",2015-06-04,254.93
1883,"Pancevo",2016-12-19,150.1
2605,"Dubrovnik",2015-03-26,275.96
2177,"Kragujevac",2016-02-19,323.66
1038,"Kragujevac",2016-03-22,253.44
1351,"Prijepolje",2015-05-11,377.85
2946,"Beograd",2015-12-21,282.39
2661,"Koper",2016-08-24,435.43
2766,"Ljubljana",2015-03-11,67.83
2981,"Radovljica",2015-05-13,409.31
2354,"Vrsac",2016-06-09,364.39
2684,"Celje",2016-09-15,484.15
1352,"Beograd",2015-06-02,458.99
2650,"Zrenjanin",2015-02-04,66.57
1327,"Prijepolje",2015-08-11,108.4
2040,"Vranje",2016-10-20,331.26
2403,"Pancevo",2015-08-11,313.87
1861,"Novi Sad",2016-12-23,491.71
2869,"Petrinja",2016-10-26,202.68
1407,"Slavonski Brod",2015-12-31,484.04
1134,"Vinkovci",2016-10-24,243.12
1194,"Prijepolje",2016-08-04,161.79
2952,"Zrenjanin",2015-07-27,419.34
1727,"Vranje",2016-05-19,301.97
1206,"Sombor",2015-01-23,308.61
2498,"Novo Mesto",2016-06-04,324.74
2303,"Kamnik",2015-03-19,486.92
1598,"Zrenjanin",2016-06-28,261.62
1888,"Radovljica",2016-08-18,191.22
1045,"Subotica",2015-01-03,97.41
1026,"Rijeka",2016-11-10,466.1
2419,"Osijek",2015-08-31,174.76
2072,"Kragujevac",2015-11-02,168.92
2159,"Koper",2015-07-13,440.39
2248,"Nis",2015-02-05,210.18
1853,"Rogaska Slatina",2015-03-27,489.91
1609,"Karlovac",2016-03-13,192.18
1900,"Sombor",2016-04-09,311.9
2913,"Senta",2016-05-11,310.51
1076,"Jagodina",2015-06-01,62.35
2746,"Kraljevo",2015-11-11,343
1606,"Kamnik",2015-06-24,10.51
1921,"Nis",2015-05-07,283.28
1019,"Novi Sad",2015-08-09,274.33
2692,"Knin",2015-03-24,365.51
2207,"Novi Pazar",2016-05-17,175.59
2269,"Bjelovar",2015-10-28,116.39
1136,"Beltinci",2016-10-26,110.42
2743,"Krusevac",2015-10-17,208.74
1724,"Nova Gorica",2016-06-01,32.24
1224,"Split",2015-04-16,373.99
2278,"Celje",2015-09-08,452.59
2584,"Beltinci",2015-07-10,426.69
1945,"Zadar",2016-01-10,151.87
2577,"Valjevo",2016-11-17,319.9
2480,"Bjelovar",2015-03-19,96.53
1650,"Beograd",2015-06-15,382.87
2600,"Radovljica",2015-11-26,413.74
1353,"Split",2016-11-09,401.79
1202,"Vranje",2016-12-15,387.12
1472,"Trebnje",2015-07-11,367.13
2136,"Ivanjica",2015-01-10,320.7
1317,"Lendava",2016-11-14,211.63
1973,"Lendava",2016-09-28,212.74
2534,"Zadar",2015-03-12,223.02
1241,"Piran",2015-07-26,205.7
1222,"Slavonski Brod",2015-06-20,369.18
2549,"Novi Sad",2016-03-10,320.64
1979,"Sombor",2015-05-30,168.96
1231,"Zadar",2016-11-01,176.11
2879,"Vinkovci",2016-08-29,229.27
1036,"Krsko",2016-09-10,154.66
2896,"Sombor",2016-12-15,237.08
1604,"Senta",2015-01-27,465.41
2161,"Vinkovci",2015-08-16,37.58
1048,"Cacak",2015-05-11,80.11
2587,"Lendava",2015-05-22,319.13
1966,"Jagodina",2016-11-19,87.46
1661,"Pancevo",2016-02-01,360.68
1683,"Koper",2015-01-15,82.69
1766,"Ljubljana",2016-04-23,243.06
1991,"Senta",2015-07-14,147.19
2802,"Apatin",2016-01-17,482.16
1273,"Osijek",2016-06-25,360.94
1638,"Dubrovnik",2016-03-02,220.81
2163,"Senta",2015-10-10,196.89
2222,"Petrinja",2016-02-22,362.13
1898,"Vrsac",2015-01-16,132.33
2466,"Celje",2016-02-24,354.39
2709,"Apatin",2016-01-31,189.97
2873,"Bjelovar",2016-04-10,394
2214,"Trbovlje",2015-09-20,339.02
2903,"Varazdin",2016-03-24,334.34
1816,"Split",2015-05-30,152.52
1837,"Sibenik",2016-12-04,217.83
1029,"Lendava",2016-01-15,434.66
1197,"Zrenjanin",2015-02-14,359.57
1803,"Lendava",2016-08-17,159.68
2204,"Slavonski Brod",2016-03-03,304.03
1668,"Pula",2016-06-07,194.12
2828,"Zrenjanin",2015-08-17,302.14
1188,"Subotica",2016-09-15,317.69
1877,"Cacak",2016-09-06,384.41
1425,"Vrsac",2016-09-22,107.94
1999,"Zadar",2016-02-27,392.28
1181,"Koper",2015-06-08,115.84
1425,"Rijeka",2015-07-01,253.33
1182,"Pula",2016-05-04,342.82
